<!DOCTYPE node PUBLIC "-//freedesktop//DTD D-BUS Object Introspection 1.0//EN"
"https://www.freedesktop.org/standards/dbus/1.0/introspect.dtd">
<node>
 <interface name="org.freedesktop.DBus.Peer">
  <method name="Ping"/>
  <method name="GetMachineId">
   <arg type="s" name="machine_uuid" direction="out"/>
  </method>
 </interface>
 <interface name="org.freedesktop.DBus.Introspectable">
  <method name="Introspect">
   <arg name="xml_data" type="s" direction="out"/>
  </method>
 </interface>
 <interface name="org.freedesktop.DBus.Properties">
  <method name="Get">
   <arg name="interface_name" direction="in" type="s"/>
   <arg name="property_name" direction="in" type="s"/>
   <arg name="value" direction="out" type="v"/>
  </method>
  <method name="GetAll">
   <arg name="interface_name" direction="in" type="s"/>
   <arg name="props" direction="out" type="a{sv}"/>
  </method>
  <method name="Set">
   <arg name="interface_name" direction="in" type="s"/>
   <arg name="property_name" direction="in" type="s"/>
   <arg name="value" direction="in" type="v"/>
  </method>
  <signal name="PropertiesChanged">
   <arg type="s" name="interface_name"/>
   <arg type="a{sv}" name="changed_properties"/>
   <arg type="as" name="invalidated_properties"/>
  </signal>
 </interface>
 <interface name="org.freedesktop.timedate1">
  <property name="Timezone" type="s" access="read">
  </property>
  <property name="LocalRTC" type="b" access="read">
  </property>
  <property name="CanNTP" type="b" access="read">
   <annotation name="org.freedesktop.DBus.Property.EmitsChangedSignal" value="false"/>
  </property>
  <property name="NTP" type="b" access="read">
  </property>
  <property name="NTPSynchronized" type="b" access="read">
   <annotation name="org.freedesktop.DBus.Property.EmitsChangedSignal" value="false"/>
  </property>
  <property name="TimeUSec" type="t" access="read">
   <annotation name="org.freedesktop.DBus.Property.EmitsChangedSignal" value="false"/>
  </property>
  <property name="RTCTimeUSec" type="t" access="read">
   <annotation name="org.freedesktop.DBus.Property.EmitsChangedSignal" value="false"/>
  </property>
  <method name="SetTime">
   <arg type="x" name="usec_utc" direction="in"/>
   <arg type="b" name="relative" direction="in"/>
   <arg type="b" name="interactive" direction="in"/>
  </method>
  <method name="SetTimezone">
   <arg type="s" name="timezone" direction="in"/>
   <arg type="b" name="interactive" direction="in"/>
  </method>
  <method name="SetLocalRTC">
   <arg type="b" name="local_rtc" direction="in"/>
   <arg type="b" name="fix_system" direction="in"/>
   <arg type="b" name="interactive" direction="in"/>
  </method>
  <method name="SetNTP">
   <arg type="b" name="use_ntp" direction="in"/>
   <arg type="b" name="interactive" direction="in"/>
  </method>
  <method name="ListTimezones">
   <arg type="as" name="timezones" direction="out"/>
  </method>
 </interface>
</node>
