<!DOCTYPE node PUBLIC "-//freedesktop//DTD D-BUS Object Introspection 1.0//EN"
"https://www.freedesktop.org/standards/dbus/1.0/introspect.dtd">
<node>
 <interface name="org.freedesktop.DBus.Peer">
  <method name="Ping"/>
  <method name="GetMachineId">
   <arg type="s" name="machine_uuid" direction="out"/>
  </method>
 </interface>
 <interface name="org.freedesktop.DBus.Introspectable">
  <method name="Introspect">
   <arg name="xml_data" type="s" direction="out"/>
  </method>
 </interface>
 <interface name="org.freedesktop.DBus.Properties">
  <method name="Get">
   <arg name="interface_name" direction="in" type="s"/>
   <arg name="property_name" direction="in" type="s"/>
   <arg name="value" direction="out" type="v"/>
  </method>
  <method name="GetAll">
   <arg name="interface_name" direction="in" type="s"/>
   <arg name="props" direction="out" type="a{sv}"/>
  </method>
  <method name="Set">
   <arg name="interface_name" direction="in" type="s"/>
   <arg name="property_name" direction="in" type="s"/>
   <arg name="value" direction="in" type="v"/>
  </method>
  <signal name="PropertiesChanged">
   <arg type="s" name="interface_name"/>
   <arg type="a{sv}" name="changed_properties"/>
   <arg type="as" name="invalidated_properties"/>
  </signal>
 </interface>
 <interface name="org.freedesktop.import1.Transfer">
  <property name="Id" type="u" access="read">
   <annotation name="org.freedesktop.DBus.Property.EmitsChangedSignal" value="const"/>
  </property>
  <property name="Local" type="s" access="read">
   <annotation name="org.freedesktop.DBus.Property.EmitsChangedSignal" value="const"/>
  </property>
  <property name="Remote" type="s" access="read">
   <annotation name="org.freedesktop.DBus.Property.EmitsChangedSignal" value="const"/>
  </property>
  <property name="Type" type="s" access="read">
   <annotation name="org.freedesktop.DBus.Property.EmitsChangedSignal" value="const"/>
  </property>
  <property name="Verify" type="s" access="read">
   <annotation name="org.freedesktop.DBus.Property.EmitsChangedSignal" value="const"/>
  </property>
  <property name="Progress" type="d" access="read">
   <annotation name="org.freedesktop.DBus.Property.EmitsChangedSignal" value="false"/>
  </property>
  <method name="Cancel">
  </method>
  <signal name="LogMessage">
   <arg type="u" name="priority"/>
   <arg type="s" name="line"/>
  </signal>
 </interface>
</node>
