<!DOCTYPE node PUBLIC "-//freedesktop//DTD D-BUS Object Introspection 1.0//EN"
"https://www.freedesktop.org/standards/dbus/1.0/introspect.dtd">
<node>
 <interface name="org.freedesktop.DBus.Peer">
  <method name="Ping"/>
  <method name="GetMachineId">
   <arg type="s" name="machine_uuid" direction="out"/>
  </method>
 </interface>
 <interface name="org.freedesktop.DBus.Introspectable">
  <method name="Introspect">
   <arg name="xml_data" type="s" direction="out"/>
  </method>
 </interface>
 <interface name="org.freedesktop.DBus.Properties">
  <method name="Get">
   <arg name="interface_name" direction="in" type="s"/>
   <arg name="property_name" direction="in" type="s"/>
   <arg name="value" direction="out" type="v"/>
  </method>
  <method name="GetAll">
   <arg name="interface_name" direction="in" type="s"/>
   <arg name="props" direction="out" type="a{sv}"/>
  </method>
  <method name="Set">
   <arg name="interface_name" direction="in" type="s"/>
   <arg name="property_name" direction="in" type="s"/>
   <arg name="value" direction="in" type="v"/>
  </method>
  <signal name="PropertiesChanged">
   <arg type="s" name="interface_name"/>
   <arg type="a{sv}" name="changed_properties"/>
   <arg type="as" name="invalidated_properties"/>
  </signal>
 </interface>
 <interface name="org.freedesktop.systemd1.Unit">
  <property name="Id" type="s" access="read">
   <annotation name="org.freedesktop.DBus.Property.EmitsChangedSignal" value="const"/>
  </property>
  <property name="Names" type="as" access="read">
   <annotation name="org.freedesktop.DBus.Property.EmitsChangedSignal" value="const"/>
  </property>
  <property name="Following" type="s" access="read">
   <annotation name="org.freedesktop.DBus.Property.EmitsChangedSignal" value="false"/>
  </property>
  <property name="Requires" type="as" access="read">
   <annotation name="org.freedesktop.DBus.Property.EmitsChangedSignal" value="const"/>
  </property>
  <property name="Requisite" type="as" access="read">
   <annotation name="org.freedesktop.DBus.Property.EmitsChangedSignal" value="const"/>
  </property>
  <property name="Wants" type="as" access="read">
   <annotation name="org.freedesktop.DBus.Property.EmitsChangedSignal" value="const"/>
  </property>
  <property name="BindsTo" type="as" access="read">
   <annotation name="org.freedesktop.DBus.Property.EmitsChangedSignal" value="const"/>
  </property>
  <property name="PartOf" type="as" access="read">
   <annotation name="org.freedesktop.DBus.Property.EmitsChangedSignal" value="const"/>
  </property>
  <property name="Upholds" type="as" access="read">
   <annotation name="org.freedesktop.DBus.Property.EmitsChangedSignal" value="const"/>
  </property>
  <property name="RequiredBy" type="as" access="read">
   <annotation name="org.freedesktop.DBus.Property.EmitsChangedSignal" value="const"/>
  </property>
  <property name="RequisiteOf" type="as" access="read">
   <annotation name="org.freedesktop.DBus.Property.EmitsChangedSignal" value="const"/>
  </property>
  <property name="WantedBy" type="as" access="read">
   <annotation name="org.freedesktop.DBus.Property.EmitsChangedSignal" value="const"/>
  </property>
  <property name="BoundBy" type="as" access="read">
   <annotation name="org.freedesktop.DBus.Property.EmitsChangedSignal" value="const"/>
  </property>
  <property name="UpheldBy" type="as" access="read">
   <annotation name="org.freedesktop.DBus.Property.EmitsChangedSignal" value="const"/>
  </property>
  <property name="ConsistsOf" type="as" access="read">
   <annotation name="org.freedesktop.DBus.Property.EmitsChangedSignal" value="const"/>
  </property>
  <property name="Conflicts" type="as" access="read">
   <annotation name="org.freedesktop.DBus.Property.EmitsChangedSignal" value="const"/>
  </property>
  <property name="ConflictedBy" type="as" access="read">
   <annotation name="org.freedesktop.DBus.Property.EmitsChangedSignal" value="const"/>
  </property>
  <property name="Before" type="as" access="read">
   <annotation name="org.freedesktop.DBus.Property.EmitsChangedSignal" value="const"/>
  </property>
  <property name="After" type="as" access="read">
   <annotation name="org.freedesktop.DBus.Property.EmitsChangedSignal" value="const"/>
  </property>
  <property name="OnSuccess" type="as" access="read">
   <annotation name="org.freedesktop.DBus.Property.EmitsChangedSignal" value="const"/>
  </property>
  <property name="OnSuccessOf" type="as" access="read">
   <annotation name="org.freedesktop.DBus.Property.EmitsChangedSignal" value="const"/>
  </property>
  <property name="OnFailure" type="as" access="read">
   <annotation name="org.freedesktop.DBus.Property.EmitsChangedSignal" value="const"/>
  </property>
  <property name="OnFailureOf" type="as" access="read">
   <annotation name="org.freedesktop.DBus.Property.EmitsChangedSignal" value="const"/>
  </property>
  <property name="Triggers" type="as" access="read">
   <annotation name="org.freedesktop.DBus.Property.EmitsChangedSignal" value="const"/>
  </property>
  <property name="TriggeredBy" type="as" access="read">
   <annotation name="org.freedesktop.DBus.Property.EmitsChangedSignal" value="const"/>
  </property>
  <property name="PropagatesReloadTo" type="as" access="read">
   <annotation name="org.freedesktop.DBus.Property.EmitsChangedSignal" value="const"/>
  </property>
  <property name="ReloadPropagatedFrom" type="as" access="read">
   <annotation name="org.freedesktop.DBus.Property.EmitsChangedSignal" value="const"/>
  </property>
  <property name="PropagatesStopTo" type="as" access="read">
   <annotation name="org.freedesktop.DBus.Property.EmitsChangedSignal" value="const"/>
  </property>
  <property name="StopPropagatedFrom" type="as" access="read">
   <annotation name="org.freedesktop.DBus.Property.EmitsChangedSignal" value="const"/>
  </property>
  <property name="JoinsNamespaceOf" type="as" access="read">
   <annotation name="org.freedesktop.DBus.Property.EmitsChangedSignal" value="const"/>
  </property>
  <property name="SliceOf" type="as" access="read">
   <annotation name="org.freedesktop.DBus.Property.EmitsChangedSignal" value="const"/>
  </property>
  <property name="RequiresMountsFor" type="as" access="read">
   <annotation name="org.freedesktop.DBus.Property.EmitsChangedSignal" value="const"/>
  </property>
  <property name="Documentation" type="as" access="read">
   <annotation name="org.freedesktop.DBus.Property.EmitsChangedSignal" value="const"/>
  </property>
  <property name="Description" type="s" access="read">
   <annotation name="org.freedesktop.DBus.Property.EmitsChangedSignal" value="const"/>
  </property>
  <property name="AccessSELinuxContext" type="s" access="read">
   <annotation name="org.freedesktop.DBus.Property.EmitsChangedSignal" value="const"/>
  </property>
  <property name="LoadState" type="s" access="read">
   <annotation name="org.freedesktop.DBus.Property.EmitsChangedSignal" value="const"/>
  </property>
  <property name="ActiveState" type="s" access="read">
  </property>
  <property name="FreezerState" type="s" access="read">
  </property>
  <property name="SubState" type="s" access="read">
  </property>
  <property name="FragmentPath" type="s" access="read">
   <annotation name="org.freedesktop.DBus.Property.EmitsChangedSignal" value="const"/>
  </property>
  <property name="SourcePath" type="s" access="read">
   <annotation name="org.freedesktop.DBus.Property.EmitsChangedSignal" value="const"/>
  </property>
  <property name="DropInPaths" type="as" access="read">
   <annotation name="org.freedesktop.DBus.Property.EmitsChangedSignal" value="const"/>
  </property>
  <property name="UnitFileState" type="s" access="read">
   <annotation name="org.freedesktop.DBus.Property.EmitsChangedSignal" value="false"/>
  </property>
  <property name="UnitFilePreset" type="s" access="read">
   <annotation name="org.freedesktop.DBus.Property.EmitsChangedSignal" value="false"/>
  </property>
  <property name="StateChangeTimestamp" type="t" access="read">
  </property>
  <property name="StateChangeTimestampMonotonic" type="t" access="read">
  </property>
  <property name="InactiveExitTimestamp" type="t" access="read">
  </property>
  <property name="InactiveExitTimestampMonotonic" type="t" access="read">
  </property>
  <property name="ActiveEnterTimestamp" type="t" access="read">
  </property>
  <property name="ActiveEnterTimestampMonotonic" type="t" access="read">
  </property>
  <property name="ActiveExitTimestamp" type="t" access="read">
  </property>
  <property name="ActiveExitTimestampMonotonic" type="t" access="read">
  </property>
  <property name="InactiveEnterTimestamp" type="t" access="read">
  </property>
  <property name="InactiveEnterTimestampMonotonic" type="t" access="read">
  </property>
  <property name="CanStart" type="b" access="read">
   <annotation name="org.freedesktop.DBus.Property.EmitsChangedSignal" value="const"/>
  </property>
  <property name="CanStop" type="b" access="read">
   <annotation name="org.freedesktop.DBus.Property.EmitsChangedSignal" value="const"/>
  </property>
  <property name="CanReload" type="b" access="read">
   <annotation name="org.freedesktop.DBus.Property.EmitsChangedSignal" value="const"/>
  </property>
  <property name="CanIsolate" type="b" access="read">
   <annotation name="org.freedesktop.DBus.Property.EmitsChangedSignal" value="const"/>
  </property>
  <property name="CanClean" type="as" access="read">
   <annotation name="org.freedesktop.DBus.Property.EmitsChangedSignal" value="const"/>
  </property>
  <property name="CanFreeze" type="b" access="read">
   <annotation name="org.freedesktop.DBus.Property.EmitsChangedSignal" value="const"/>
  </property>
  <property name="Job" type="(uo)" access="read">
  </property>
  <property name="StopWhenUnneeded" type="b" access="read">
   <annotation name="org.freedesktop.DBus.Property.EmitsChangedSignal" value="const"/>
  </property>
  <property name="RefuseManualStart" type="b" access="read">
   <annotation name="org.freedesktop.DBus.Property.EmitsChangedSignal" value="const"/>
  </property>
  <property name="RefuseManualStop" type="b" access="read">
   <annotation name="org.freedesktop.DBus.Property.EmitsChangedSignal" value="const"/>
  </property>
  <property name="AllowIsolate" type="b" access="read">
   <annotation name="org.freedesktop.DBus.Property.EmitsChangedSignal" value="const"/>
  </property>
  <property name="DefaultDependencies" type="b" access="read">
   <annotation name="org.freedesktop.DBus.Property.EmitsChangedSignal" value="const"/>
  </property>
  <property name="SurviveFinalKillSignal" type="b" access="read">
   <annotation name="org.freedesktop.DBus.Property.EmitsChangedSignal" value="const"/>
  </property>
  <property name="OnSuccessJobMode" type="s" access="read">
   <annotation name="org.freedesktop.DBus.Property.EmitsChangedSignal" value="const"/>
  </property>
  <property name="OnFailureJobMode" type="s" access="read">
   <annotation name="org.freedesktop.DBus.Property.EmitsChangedSignal" value="const"/>
  </property>
  <property name="IgnoreOnIsolate" type="b" access="read">
   <annotation name="org.freedesktop.DBus.Property.EmitsChangedSignal" value="const"/>
  </property>
  <property name="NeedDaemonReload" type="b" access="read">
   <annotation name="org.freedesktop.DBus.Property.EmitsChangedSignal" value="false"/>
  </property>
  <property name="Markers" type="as" access="read">
   <annotation name="org.freedesktop.DBus.Property.EmitsChangedSignal" value="false"/>
  </property>
  <property name="JobTimeoutUSec" type="t" access="read">
   <annotation name="org.freedesktop.DBus.Property.EmitsChangedSignal" value="const"/>
  </property>
  <property name="JobRunningTimeoutUSec" type="t" access="read">
   <annotation name="org.freedesktop.DBus.Property.EmitsChangedSignal" value="const"/>
  </property>
  <property name="JobTimeoutAction" type="s" access="read">
   <annotation name="org.freedesktop.DBus.Property.EmitsChangedSignal" value="const"/>
  </property>
  <property name="JobTimeoutRebootArgument" type="s" access="read">
   <annotation name="org.freedesktop.DBus.Property.EmitsChangedSignal" value="const"/>
  </property>
  <property name="ConditionResult" type="b" access="read">
  </property>
  <property name="AssertResult" type="b" access="read">
  </property>
  <property name="ConditionTimestamp" type="t" access="read">
  </property>
  <property name="ConditionTimestampMonotonic" type="t" access="read">
  </property>
  <property name="AssertTimestamp" type="t" access="read">
  </property>
  <property name="AssertTimestampMonotonic" type="t" access="read">
  </property>
  <property name="Conditions" type="a(sbbsi)" access="read">
   <annotation name="org.freedesktop.DBus.Property.EmitsChangedSignal" value="invalidates"/>
  </property>
  <property name="Asserts" type="a(sbbsi)" access="read">
   <annotation name="org.freedesktop.DBus.Property.EmitsChangedSignal" value="invalidates"/>
  </property>
  <property name="LoadError" type="(ss)" access="read">
   <annotation name="org.freedesktop.DBus.Property.EmitsChangedSignal" value="const"/>
  </property>
  <property name="Transient" type="b" access="read">
   <annotation name="org.freedesktop.DBus.Property.EmitsChangedSignal" value="const"/>
  </property>
  <property name="Perpetual" type="b" access="read">
   <annotation name="org.freedesktop.DBus.Property.EmitsChangedSignal" value="const"/>
  </property>
  <property name="StartLimitIntervalUSec" type="t" access="read">
   <annotation name="org.freedesktop.DBus.Property.EmitsChangedSignal" value="const"/>
  </property>
  <property name="StartLimitBurst" type="u" access="read">
   <annotation name="org.freedesktop.DBus.Property.EmitsChangedSignal" value="const"/>
  </property>
  <property name="StartLimitAction" type="s" access="read">
   <annotation name="org.freedesktop.DBus.Property.EmitsChangedSignal" value="const"/>
  </property>
  <property name="FailureAction" type="s" access="read">
   <annotation name="org.freedesktop.DBus.Property.EmitsChangedSignal" value="const"/>
  </property>
  <property name="FailureActionExitStatus" type="i" access="read">
   <annotation name="org.freedesktop.DBus.Property.EmitsChangedSignal" value="const"/>
  </property>
  <property name="SuccessAction" type="s" access="read">
   <annotation name="org.freedesktop.DBus.Property.EmitsChangedSignal" value="const"/>
  </property>
  <property name="SuccessActionExitStatus" type="i" access="read">
   <annotation name="org.freedesktop.DBus.Property.EmitsChangedSignal" value="const"/>
  </property>
  <property name="RebootArgument" type="s" access="read">
   <annotation name="org.freedesktop.DBus.Property.EmitsChangedSignal" value="const"/>
  </property>
  <property name="InvocationID" type="ay" access="read">
  </property>
  <property name="CollectMode" type="s" access="read">
   <annotation name="org.freedesktop.DBus.Property.EmitsChangedSignal" value="const"/>
  </property>
  <property name="Refs" type="as" access="read">
   <annotation name="org.freedesktop.DBus.Property.EmitsChangedSignal" value="false"/>
  </property>
  <property name="ActivationDetails" type="a(ss)" access="read">
  </property>
  <method name="Start">
   <arg type="s" name="mode" direction="in"/>
   <arg type="o" name="job" direction="out"/>
  </method>
  <method name="Stop">
   <arg type="s" name="mode" direction="in"/>
   <arg type="o" name="job" direction="out"/>
  </method>
  <method name="Reload">
   <arg type="s" name="mode" direction="in"/>
   <arg type="o" name="job" direction="out"/>
  </method>
  <method name="Restart">
   <arg type="s" name="mode" direction="in"/>
   <arg type="o" name="job" direction="out"/>
  </method>
  <method name="TryRestart">
   <arg type="s" name="mode" direction="in"/>
   <arg type="o" name="job" direction="out"/>
  </method>
  <method name="ReloadOrRestart">
   <arg type="s" name="mode" direction="in"/>
   <arg type="o" name="job" direction="out"/>
  </method>
  <method name="ReloadOrTryRestart">
   <arg type="s" name="mode" direction="in"/>
   <arg type="o" name="job" direction="out"/>
  </method>
  <method name="EnqueueJob">
   <arg type="s" name="job_type" direction="in"/>
   <arg type="s" name="job_mode" direction="in"/>
   <arg type="u" name="job_id" direction="out"/>
   <arg type="o" name="job_path" direction="out"/>
   <arg type="s" name="unit_id" direction="out"/>
   <arg type="o" name="unit_path" direction="out"/>
   <arg type="s" name="job_type" direction="out"/>
   <arg type="a(uosos)" name="affected_jobs" direction="out"/>
  </method>
  <method name="Kill">
   <arg type="s" name="whom" direction="in"/>
   <arg type="i" name="signal" direction="in"/>
  </method>
  <method name="QueueSignal">
   <arg type="s" name="whom" direction="in"/>
   <arg type="i" name="signal" direction="in"/>
   <arg type="i" name="value" direction="in"/>
  </method>
  <method name="ResetFailed">
  </method>
  <method name="SetProperties">
   <arg type="b" name="runtime" direction="in"/>
   <arg type="a(sv)" name="properties" direction="in"/>
  </method>
  <method name="Ref">
  </method>
  <method name="Unref">
  </method>
  <method name="Clean">
   <arg type="as" name="mask" direction="in"/>
  </method>
  <method name="Freeze">
  </method>
  <method name="Thaw">
  </method>
 </interface>
 <interface name="org.freedesktop.systemd1.Scope">
  <property name="Controller" type="s" access="read">
  </property>
  <property name="TimeoutStopUSec" type="t" access="read">
   <annotation name="org.freedesktop.DBus.Property.EmitsChangedSignal" value="const"/>
  </property>
  <property name="Result" type="s" access="read">
  </property>
  <property name="RuntimeMaxUSec" type="t" access="read">
   <annotation name="org.freedesktop.DBus.Property.EmitsChangedSignal" value="const"/>
  </property>
  <property name="RuntimeRandomizedExtraUSec" type="t" access="read">
   <annotation name="org.freedesktop.DBus.Property.EmitsChangedSignal" value="const"/>
  </property>
  <property name="OOMPolicy" type="s" access="read">
   <annotation name="org.freedesktop.DBus.Property.EmitsChangedSignal" value="const"/>
  </property>
  <signal name="RequestStop">
  </signal>
  <method name="Abandon">
  </method>
  <property name="Slice" type="s" access="read">
   <annotation name="org.freedesktop.DBus.Property.EmitsChangedSignal" value="false"/>
  </property>
  <property name="ControlGroup" type="s" access="read">
   <annotation name="org.freedesktop.DBus.Property.EmitsChangedSignal" value="false"/>
  </property>
  <property name="ControlGroupId" type="t" access="read">
   <annotation name="org.freedesktop.DBus.Property.EmitsChangedSignal" value="false"/>
  </property>
  <property name="MemoryCurrent" type="t" access="read">
   <annotation name="org.freedesktop.DBus.Property.EmitsChangedSignal" value="false"/>
  </property>
  <property name="MemoryPeak" type="t" access="read">
   <annotation name="org.freedesktop.DBus.Property.EmitsChangedSignal" value="false"/>
  </property>
  <property name="MemorySwapCurrent" type="t" access="read">
   <annotation name="org.freedesktop.DBus.Property.EmitsChangedSignal" value="false"/>
  </property>
  <property name="MemorySwapPeak" type="t" access="read">
   <annotation name="org.freedesktop.DBus.Property.EmitsChangedSignal" value="false"/>
  </property>
  <property name="MemoryZSwapCurrent" type="t" access="read">
   <annotation name="org.freedesktop.DBus.Property.EmitsChangedSignal" value="false"/>
  </property>
  <property name="MemoryAvailable" type="t" access="read">
   <annotation name="org.freedesktop.DBus.Property.EmitsChangedSignal" value="false"/>
  </property>
  <property name="CPUUsageNSec" type="t" access="read">
   <annotation name="org.freedesktop.DBus.Property.EmitsChangedSignal" value="false"/>
  </property>
  <property name="EffectiveCPUs" type="ay" access="read">
   <annotation name="org.freedesktop.DBus.Property.EmitsChangedSignal" value="false"/>
  </property>
  <property name="EffectiveMemoryNodes" type="ay" access="read">
   <annotation name="org.freedesktop.DBus.Property.EmitsChangedSignal" value="false"/>
  </property>
  <property name="TasksCurrent" type="t" access="read">
   <annotation name="org.freedesktop.DBus.Property.EmitsChangedSignal" value="false"/>
  </property>
  <property name="IPIngressBytes" type="t" access="read">
   <annotation name="org.freedesktop.DBus.Property.EmitsChangedSignal" value="false"/>
  </property>
  <property name="IPIngressPackets" type="t" access="read">
   <annotation name="org.freedesktop.DBus.Property.EmitsChangedSignal" value="false"/>
  </property>
  <property name="IPEgressBytes" type="t" access="read">
   <annotation name="org.freedesktop.DBus.Property.EmitsChangedSignal" value="false"/>
  </property>
  <property name="IPEgressPackets" type="t" access="read">
   <annotation name="org.freedesktop.DBus.Property.EmitsChangedSignal" value="false"/>
  </property>
  <property name="IOReadBytes" type="t" access="read">
   <annotation name="org.freedesktop.DBus.Property.EmitsChangedSignal" value="false"/>
  </property>
  <property name="IOReadOperations" type="t" access="read">
   <annotation name="org.freedesktop.DBus.Property.EmitsChangedSignal" value="false"/>
  </property>
  <property name="IOWriteBytes" type="t" access="read">
   <annotation name="org.freedesktop.DBus.Property.EmitsChangedSignal" value="false"/>
  </property>
  <property name="IOWriteOperations" type="t" access="read">
   <annotation name="org.freedesktop.DBus.Property.EmitsChangedSignal" value="false"/>
  </property>
  <method name="GetProcesses">
   <arg type="a(sus)" name="processes" direction="out"/>
  </method>
  <method name="AttachProcesses">
   <arg type="s" name="subcgroup" direction="in"/>
   <arg type="au" name="pids" direction="in"/>
  </method>
  <property name="Delegate" type="b" access="read">
   <annotation name="org.freedesktop.DBus.Property.EmitsChangedSignal" value="false"/>
  </property>
  <property name="DelegateControllers" type="as" access="read">
   <annotation name="org.freedesktop.DBus.Property.EmitsChangedSignal" value="false"/>
  </property>
  <property name="DelegateSubgroup" type="s" access="read">
   <annotation name="org.freedesktop.DBus.Property.EmitsChangedSignal" value="false"/>
  </property>
  <property name="CPUAccounting" type="b" access="read">
   <annotation name="org.freedesktop.DBus.Property.EmitsChangedSignal" value="false"/>
  </property>
  <property name="CPUWeight" type="t" access="read">
   <annotation name="org.freedesktop.DBus.Property.EmitsChangedSignal" value="false"/>
  </property>
  <property name="StartupCPUWeight" type="t" access="read">
   <annotation name="org.freedesktop.DBus.Property.EmitsChangedSignal" value="false"/>
  </property>
  <property name="CPUShares" type="t" access="read">
   <annotation name="org.freedesktop.DBus.Property.EmitsChangedSignal" value="false"/>
  </property>
  <property name="StartupCPUShares" type="t" access="read">
   <annotation name="org.freedesktop.DBus.Property.EmitsChangedSignal" value="false"/>
  </property>
  <property name="CPUQuotaPerSecUSec" type="t" access="read">
   <annotation name="org.freedesktop.DBus.Property.EmitsChangedSignal" value="false"/>
  </property>
  <property name="CPUQuotaPeriodUSec" type="t" access="read">
   <annotation name="org.freedesktop.DBus.Property.EmitsChangedSignal" value="false"/>
  </property>
  <property name="AllowedCPUs" type="ay" access="read">
   <annotation name="org.freedesktop.DBus.Property.EmitsChangedSignal" value="false"/>
  </property>
  <property name="StartupAllowedCPUs" type="ay" access="read">
   <annotation name="org.freedesktop.DBus.Property.EmitsChangedSignal" value="false"/>
  </property>
  <property name="AllowedMemoryNodes" type="ay" access="read">
   <annotation name="org.freedesktop.DBus.Property.EmitsChangedSignal" value="false"/>
  </property>
  <property name="StartupAllowedMemoryNodes" type="ay" access="read">
   <annotation name="org.freedesktop.DBus.Property.EmitsChangedSignal" value="false"/>
  </property>
  <property name="IOAccounting" type="b" access="read">
   <annotation name="org.freedesktop.DBus.Property.EmitsChangedSignal" value="false"/>
  </property>
  <property name="IOWeight" type="t" access="read">
   <annotation name="org.freedesktop.DBus.Property.EmitsChangedSignal" value="false"/>
  </property>
  <property name="StartupIOWeight" type="t" access="read">
   <annotation name="org.freedesktop.DBus.Property.EmitsChangedSignal" value="false"/>
  </property>
  <property name="IODeviceWeight" type="a(st)" access="read">
   <annotation name="org.freedesktop.DBus.Property.EmitsChangedSignal" value="false"/>
  </property>
  <property name="IOReadBandwidthMax" type="a(st)" access="read">
   <annotation name="org.freedesktop.DBus.Property.EmitsChangedSignal" value="false"/>
  </property>
  <property name="IOWriteBandwidthMax" type="a(st)" access="read">
   <annotation name="org.freedesktop.DBus.Property.EmitsChangedSignal" value="false"/>
  </property>
  <property name="IOReadIOPSMax" type="a(st)" access="read">
   <annotation name="org.freedesktop.DBus.Property.EmitsChangedSignal" value="false"/>
  </property>
  <property name="IOWriteIOPSMax" type="a(st)" access="read">
   <annotation name="org.freedesktop.DBus.Property.EmitsChangedSignal" value="false"/>
  </property>
  <property name="IODeviceLatencyTargetUSec" type="a(st)" access="read">
   <annotation name="org.freedesktop.DBus.Property.EmitsChangedSignal" value="false"/>
  </property>
  <property name="BlockIOAccounting" type="b" access="read">
   <annotation name="org.freedesktop.DBus.Property.EmitsChangedSignal" value="false"/>
  </property>
  <property name="BlockIOWeight" type="t" access="read">
   <annotation name="org.freedesktop.DBus.Property.EmitsChangedSignal" value="false"/>
  </property>
  <property name="StartupBlockIOWeight" type="t" access="read">
   <annotation name="org.freedesktop.DBus.Property.EmitsChangedSignal" value="false"/>
  </property>
  <property name="BlockIODeviceWeight" type="a(st)" access="read">
   <annotation name="org.freedesktop.DBus.Property.EmitsChangedSignal" value="false"/>
  </property>
  <property name="BlockIOReadBandwidth" type="a(st)" access="read">
   <annotation name="org.freedesktop.DBus.Property.EmitsChangedSignal" value="false"/>
  </property>
  <property name="BlockIOWriteBandwidth" type="a(st)" access="read">
   <annotation name="org.freedesktop.DBus.Property.EmitsChangedSignal" value="false"/>
  </property>
  <property name="MemoryAccounting" type="b" access="read">
   <annotation name="org.freedesktop.DBus.Property.EmitsChangedSignal" value="false"/>
  </property>
  <property name="DefaultMemoryLow" type="t" access="read">
   <annotation name="org.freedesktop.DBus.Property.EmitsChangedSignal" value="false"/>
  </property>
  <property name="DefaultStartupMemoryLow" type="t" access="read">
   <annotation name="org.freedesktop.DBus.Property.EmitsChangedSignal" value="false"/>
  </property>
  <property name="DefaultMemoryMin" type="t" access="read">
   <annotation name="org.freedesktop.DBus.Property.EmitsChangedSignal" value="false"/>
  </property>
  <property name="MemoryMin" type="t" access="read">
   <annotation name="org.freedesktop.DBus.Property.EmitsChangedSignal" value="false"/>
  </property>
  <property name="MemoryLow" type="t" access="read">
   <annotation name="org.freedesktop.DBus.Property.EmitsChangedSignal" value="false"/>
  </property>
  <property name="StartupMemoryLow" type="t" access="read">
   <annotation name="org.freedesktop.DBus.Property.EmitsChangedSignal" value="false"/>
  </property>
  <property name="MemoryHigh" type="t" access="read">
   <annotation name="org.freedesktop.DBus.Property.EmitsChangedSignal" value="false"/>
  </property>
  <property name="StartupMemoryHigh" type="t" access="read">
   <annotation name="org.freedesktop.DBus.Property.EmitsChangedSignal" value="false"/>
  </property>
  <property name="MemoryMax" type="t" access="read">
   <annotation name="org.freedesktop.DBus.Property.EmitsChangedSignal" value="false"/>
  </property>
  <property name="StartupMemoryMax" type="t" access="read">
   <annotation name="org.freedesktop.DBus.Property.EmitsChangedSignal" value="false"/>
  </property>
  <property name="MemorySwapMax" type="t" access="read">
   <annotation name="org.freedesktop.DBus.Property.EmitsChangedSignal" value="false"/>
  </property>
  <property name="StartupMemorySwapMax" type="t" access="read">
   <annotation name="org.freedesktop.DBus.Property.EmitsChangedSignal" value="false"/>
  </property>
  <property name="MemoryZSwapMax" type="t" access="read">
   <annotation name="org.freedesktop.DBus.Property.EmitsChangedSignal" value="false"/>
  </property>
  <property name="StartupMemoryZSwapMax" type="t" access="read">
   <annotation name="org.freedesktop.DBus.Property.EmitsChangedSignal" value="false"/>
  </property>
  <property name="MemoryLimit" type="t" access="read">
   <annotation name="org.freedesktop.DBus.Property.EmitsChangedSignal" value="false"/>
  </property>
  <property name="DevicePolicy" type="s" access="read">
   <annotation name="org.freedesktop.DBus.Property.EmitsChangedSignal" value="false"/>
  </property>
  <property name="DeviceAllow" type="a(ss)" access="read">
   <annotation name="org.freedesktop.DBus.Property.EmitsChangedSignal" value="false"/>
  </property>
  <property name="TasksAccounting" type="b" access="read">
   <annotation name="org.freedesktop.DBus.Property.EmitsChangedSignal" value="false"/>
  </property>
  <property name="TasksMax" type="t" access="read">
   <annotation name="org.freedesktop.DBus.Property.EmitsChangedSignal" value="false"/>
  </property>
  <property name="IPAccounting" type="b" access="read">
   <annotation name="org.freedesktop.DBus.Property.EmitsChangedSignal" value="false"/>
  </property>
  <property name="IPAddressAllow" type="a(iayu)" access="read">
   <annotation name="org.freedesktop.DBus.Property.EmitsChangedSignal" value="false"/>
  </property>
  <property name="IPAddressDeny" type="a(iayu)" access="read">
   <annotation name="org.freedesktop.DBus.Property.EmitsChangedSignal" value="false"/>
  </property>
  <property name="IPIngressFilterPath" type="as" access="read">
   <annotation name="org.freedesktop.DBus.Property.EmitsChangedSignal" value="false"/>
  </property>
  <property name="IPEgressFilterPath" type="as" access="read">
   <annotation name="org.freedesktop.DBus.Property.EmitsChangedSignal" value="false"/>
  </property>
  <property name="DisableControllers" type="as" access="read">
   <annotation name="org.freedesktop.DBus.Property.EmitsChangedSignal" value="false"/>
  </property>
  <property name="ManagedOOMSwap" type="s" access="read">
   <annotation name="org.freedesktop.DBus.Property.EmitsChangedSignal" value="false"/>
  </property>
  <property name="ManagedOOMMemoryPressure" type="s" access="read">
   <annotation name="org.freedesktop.DBus.Property.EmitsChangedSignal" value="false"/>
  </property>
  <property name="ManagedOOMMemoryPressureLimit" type="u" access="read">
   <annotation name="org.freedesktop.DBus.Property.EmitsChangedSignal" value="false"/>
  </property>
  <property name="ManagedOOMPreference" type="s" access="read">
   <annotation name="org.freedesktop.DBus.Property.EmitsChangedSignal" value="false"/>
  </property>
  <property name="BPFProgram" type="a(ss)" access="read">
   <annotation name="org.freedesktop.DBus.Property.EmitsChangedSignal" value="false"/>
  </property>
  <property name="SocketBindAllow" type="a(iiqq)" access="read">
   <annotation name="org.freedesktop.DBus.Property.EmitsChangedSignal" value="false"/>
  </property>
  <property name="SocketBindDeny" type="a(iiqq)" access="read">
   <annotation name="org.freedesktop.DBus.Property.EmitsChangedSignal" value="false"/>
  </property>
  <property name="RestrictNetworkInterfaces" type="(bas)" access="read">
   <annotation name="org.freedesktop.DBus.Property.EmitsChangedSignal" value="false"/>
  </property>
  <property name="MemoryPressureWatch" type="s" access="read">
   <annotation name="org.freedesktop.DBus.Property.EmitsChangedSignal" value="false"/>
  </property>
  <property name="MemoryPressureThresholdUSec" type="t" access="read">
   <annotation name="org.freedesktop.DBus.Property.EmitsChangedSignal" value="false"/>
  </property>
  <property name="NFTSet" type="a(iiss)" access="read">
   <annotation name="org.freedesktop.DBus.Property.EmitsChangedSignal" value="false"/>
  </property>
  <property name="CoredumpReceive" type="b" access="read">
   <annotation name="org.freedesktop.DBus.Property.EmitsChangedSignal" value="false"/>
  </property>
  <property name="KillMode" type="s" access="read">
   <annotation name="org.freedesktop.DBus.Property.EmitsChangedSignal" value="const"/>
  </property>
  <property name="KillSignal" type="i" access="read">
   <annotation name="org.freedesktop.DBus.Property.EmitsChangedSignal" value="const"/>
  </property>
  <property name="RestartKillSignal" type="i" access="read">
   <annotation name="org.freedesktop.DBus.Property.EmitsChangedSignal" value="const"/>
  </property>
  <property name="FinalKillSignal" type="i" access="read">
   <annotation name="org.freedesktop.DBus.Property.EmitsChangedSignal" value="const"/>
  </property>
  <property name="SendSIGKILL" type="b" access="read">
   <annotation name="org.freedesktop.DBus.Property.EmitsChangedSignal" value="const"/>
  </property>
  <property name="SendSIGHUP" type="b" access="read">
   <annotation name="org.freedesktop.DBus.Property.EmitsChangedSignal" value="const"/>
  </property>
  <property name="WatchdogSignal" type="i" access="read">
   <annotation name="org.freedesktop.DBus.Property.EmitsChangedSignal" value="const"/>
  </property>
 </interface>
</node>
